X,Y,ORIENTATION,TIMESTAMP,BEACON_01,BEACON_02,BEACON_03,BEACON_04,BEACON_05,BEACON_06,BEACON_07,BEACON_08,BEACON_09,BEACON_10,BEACON_11
3.2,6.9,0,1615119825484,100.0,100.0,100.0,-82.33333333333333,-78.5,-82.5,100.0,100.0,100.0,100.0,100.0
3.2,6.9,90,1615119855742,100.0,100.0,100.0,-85.0,-85.0,-86.5,100.0,100.0,100.0,100.0,100.0
3.2,6.9,180,1615119885781,100.0,100.0,100.0,-83.0,-86.2,-82.33333333333333,-91.0,100.0,100.0,100.0,100.0
3.2,6.9,270,1615119912142,100.0,100.0,100.0,-75.33333333333333,100.0,-87.0,100.0,100.0,100.0,100.0,100.0
3.2,30.4,0,1615117046075,-80.4,-78.5,-88.75,100.0,100.0,100.0,100.0,-89.33333333333333,-86.66666666666667,100.0,-78.2
3.2,30.4,90,1615117070516,-76.57142857142857,-83.66666666666667,-91.0,100.0,100.0,100.0,100.0,-88.5,100.0,100.0,-82.16666666666667
3.2,30.4,180,1615117098278,-78.0,-81.83333333333333,-86.0,100.0,100.0,100.0,100.0,-91.0,-90.0,100.0,-83.33333333333333
3.2,30.4,270,1615117123358,-83.0,-87.5,-88.75,100.0,100.0,100.0,100.0,-91.5,-94.5,100.0,-82.66666666666667
3.2,32.9,0,1615112182052,100.0,100.0,100.0,100.0,100.0,100.0,100.0,100.0,100.0,100.0,-89.5
3.2,32.9,90,1615112209767,-87.0,100.0,100.0,100.0,100.0,100.0,100.0,100.0,100.0,100.0,-90.0
3.2,32.9,180,1615112229891,-90.5,100.0,100.0,100.0,100.0,100.0,100.0,100.0,100.0,100.0,-89.5
3.2,32.9,270,1615112259990,-89.0,100.0,100.0,100.0,100.0,100.0,100.0,100.0,100.0,100.0,-80.25
3.2,34.6,0,1615112303611,100.0,100.0,100.0,100.0,100.0,100.0,100.0,100.0,100.0,100.0,-78.0
3.2,34.6,90,1615112320646,-85.5,100.0,100.0,100.0,100.0,100.0,100.0,100.0,100.0,100.0,-82.0
3.2,34.6,180,1615112342795,-86.0,100.0,100.0,100.0,100.0,100.0,100.0,100.0,100.0,100.0,-85.0
3.2,34.6,270,1615112362259,-92.0,100.0,100.0,100.0,100.0,100.0,100.0,100.0,100.0,100.0,-80.0
4.9,6.9,0,1615119949458,100.0,100.0,100.0,-80.33333333333333,100.0,-79.5,100.0,100.0,100.0,100.0,100.0
4.9,6.9,90,1615119974759,100.0,100.0,100.0,-79.66666666666667,-85.66666666666667,-85.4,100.0,100.0,100.0,100.0,100.0
4.9,6.9,180,1615120001911,100.0,100.0,100.0,-76.16666666666667,-87.0,-85.75,100.0,100.0,100.0,100.0,100.0
4.9,6.9,270,1615120026473,100.0,100.0,100.0,-76.0,-85.66666666666667,-86.5,-91.5,100.0,100.0,100.0,100.0
4.9,30.4,0,1615117173518,-75.71428571428571,-81.5,-84.33333333333333,100.0,100.0,100.0,100.0,-86.5,-85.5,100.0,-74.6
4.9,30.4,90,1615117195142,-82.75,-79.5,-88.0,100.0,100.0,100.0,100.0,100.0,-89.0,100.0,-77.66666666666667
4.9,30.4,180,1615117220531,-78.8,-82.6,-84.5,100.0,100.0,100.0,100.0,-93.0,100.0,100.0,-77.0
4.9,30.4,270,1615117242804,-75.42857142857143,-86.33333333333333,-91.0,100.0,100.0,100.0,100.0,-90.0,-89.0,100.0,-76.8
6.6,6.9,0,1615120058103,100.0,100.0,100.0,-77.33333333333333,-83.4,-77.16666666666667,-88.0,100.0,100.0,100.0,100.0
6.6,6.9,90,1615120083986,100.0,100.0,100.0,-76.66666666666667,-83.5,-84.33333333333333,-87.0,100.0,100.0,100.0,100.0
6.6,6.9,180,1615120109998,100.0,100.0,100.0,-72.42857142857143,-83.0,-83.0,100.0,100.0,100.0,100.0,100.0
6.6,6.9,270,1615120138862,100.0,100.0,100.0,-81.0,-86.0,-85.33333333333333,-91.0,100.0,100.0,100.0,100.0
6.6,30.4,0,1615117282140,-71.6,-86.25,-85.4,100.0,100.0,100.0,100.0,-91.0,-88.0,100.0,-77.25
6.6,30.4,90,1615117305169,-79.0,-87.4,-89.0,100.0,100.0,100.0,100.0,-90.0,100.0,100.0,-77.5
6.6,30.4,180,1615117329220,-79.16666666666667,-82.0,-89.5,100.0,100.0,100.0,100.0,100.0,100.0,100.0,-76.16666666666667
6.6,30.4,270,1615117353110,-79.0,-86.4,-88.0,100.0,100.0,100.0,100.0,-92.0,-89.33333333333333,100.0,-80.0
6.8,32.9,0,1615112018181,-84.6,100.0,100.0,100.0,100.0,100.0,100.0,100.0,100.0,100.0,-65.66666666666667
6.8,32.9,90,1615112040912,-83.66666666666667,100.0,100.0,100.0,100.0,100.0,100.0,100.0,100.0,100.0,-67.66666666666667
6.8,32.9,180,1615112067078,-84.0,-91.5,100.0,100.0,100.0,100.0,100.0,100.0,100.0,100.0,-77.6
6.8,32.9,270,1615112090422,-85.0,100.0,100.0,100.0,100.0,100.0,100.0,100.0,100.0,100.0,-68.33333333333333
6.8,34.6,0,1615111900246,-84.85714285714286,-90.5,100.0,100.0,100.0,100.0,100.0,100.0,100.0,100.0,-66.8
6.8,34.6,90,1615111923870,-83.5,100.0,100.0,100.0,100.0,100.0,100.0,100.0,100.0,100.0,-66.33333333333333
6.8,34.6,180,1615111945525,-86.33333333333333,100.0,100.0,100.0,100.0,100.0,100.0,100.0,100.0,100.0,-64.16666666666667
6.8,34.6,270,1615111967271,-85.16666666666667,100.0,100.0,100.0,100.0,100.0,100.0,100.0,100.0,100.0,-67.2
8.3,6.9,0,1615120170831,100.0,100.0,100.0,-72.85714285714286,-87.75,-82.75,-86.66666666666667,100.0,100.0,100.0,100.0
8.3,6.9,90,1615120192031,100.0,100.0,100.0,-67.5,-80.0,-86.33333333333333,-88.0,100.0,100.0,100.0,100.0
8.3,6.9,180,1615120218826,100.0,100.0,100.0,-73.28571428571429,-81.5,-84.33333333333333,-90.66666666666667,100.0,100.0,100.0,100.0
8.3,6.9,270,1615120239250,100.0,100.0,100.0,-74.66666666666667,-84.5,-82.66666666666667,-91.5,100.0,100.0,100.0,100.0
8.3,30.4,0,1615117390890,-72.6,-90.0,-86.0,100.0,100.0,100.0,100.0,-88.5,-88.0,100.0,-75.0
8.3,30.4,90,1615117424347,-76.33333333333333,-83.0,-91.0,100.0,100.0,100.0,100.0,-89.0,-86.0,100.0,-83.66666666666667
8.3,30.4,180,1615117443005,-81.8,-80.6,100.0,100.0,100.0,100.0,100.0,-89.0,-91.0,100.0,-77.42857142857143
8.3,30.4,270,1615117466333,-80.8,-88.0,100.0,100.0,100.0,100.0,100.0,-90.5,100.0,100.0,-72.66666666666667
10.0,6.9,0,1615120275843,100.0,100.0,100.0,-72.5,100.0,-78.5,-86.33333333333333,100.0,100.0,100.0,100.0
10.0,6.9,90,1615120302158,100.0,100.0,100.0,-68.0,-84.0,-88.0,100.0,100.0,100.0,100.0,100.0
10.0,6.9,180,1615120324000,100.0,100.0,100.0,100.0,-84.5,100.0,-93.0,100.0,100.0,100.0,100.0
10.0,6.9,270,1615120350968,100.0,100.0,100.0,-71.2,-84.0,-79.4,-88.5,100.0,100.0,100.0,100.0
10.0,30.4,0,1615117502165,-74.4,-83.25,-87.0,100.0,100.0,100.0,100.0,-83.0,-88.0,100.0,-82.0
10.0,30.4,90,1615117530969,-75.33333333333333,-84.75,-82.83333333333333,100.0,100.0,100.0,100.0,-95.0,-88.0,100.0,-87.66666666666667
10.0,30.4,180,1615117571597,-75.28571428571429,-83.5,-86.0,100.0,100.0,100.0,100.0,-90.0,100.0,100.0,-80.0
10.0,30.4,270,1615117594837,-76.66666666666667,-84.6,-89.0,100.0,100.0,100.0,100.0,-89.0,-87.5,100.0,-79.0
10.0,33.9,0,1615112445350,-85.75,100.0,100.0,100.0,100.0,100.0,100.0,100.0,100.0,100.0,-83.83333333333333
10.0,33.9,90,1615112468522,-81.0,100.0,100.0,100.0,100.0,100.0,100.0,100.0,100.0,100.0,-82.0
10.0,33.9,180,1615112498713,-81.0,-91.0,100.0,100.0,100.0,100.0,100.0,100.0,100.0,100.0,-76.0
10.0,33.9,270,1615112521417,-85.33333333333333,100.0,100.0,100.0,100.0,100.0,100.0,100.0,-88.0,100.0,-84.25
11.7,6.9,0,1615120382544,100.0,100.0,100.0,-68.0,-82.33333333333333,-80.33333333333333,-82.0,100.0,100.0,100.0,100.0
11.7,6.9,90,1615120427814,100.0,100.0,100.0,100.0,-84.0,100.0,100.0,100.0,100.0,100.0,100.0
11.7,6.9,180,1615120447212,100.0,100.0,100.0,-68.6,-86.5,-84.5,-87.33333333333333,100.0,100.0,100.0,100.0
11.7,6.9,270,1615120467689,100.0,100.0,100.0,-71.0,-86.0,-84.66666666666667,-91.0,100.0,100.0,100.0,100.0
11.7,18.6,180,1615125582683,100.0,100.0,100.0,100.0,100.0,100.0,100.0,-90.0,100.0,100.0,100.0
11.7,30.4,0,1615117630478,-72.0,-79.2,-87.5,100.0,100.0,100.0,100.0,-86.0,-84.5,100.0,-87.25
11.7,30.4,90,1615117652823,-72.33333333333333,-80.6,-87.25,100.0,100.0,100.0,100.0,-85.33333333333333,-85.33333333333333,100.0,-82.0
11.7,30.4,180,1615117677270,-74.0,-82.66666666666667,-90.33333333333333,100.0,100.0,100.0,100.0,-86.0,100.0,100.0,-83.6
11.7,30.4,270,1615117702733,-74.66666666666667,-84.57142857142857,-92.0,100.0,100.0,100.0,100.0,-91.0,100.0,100.0,-80.0
11.7,33.9,0,1615112554746,-79.5,-90.0,100.0,100.0,100.0,100.0,100.0,100.0,-90.0,100.0,-80.2
11.7,33.9,90,1615112583093,-84.0,-96.0,100.0,100.0,100.0,100.0,100.0,100.0,100.0,100.0,-87.0
11.7,33.9,180,1615112599607,-84.5,100.0,100.0,100.0,100.0,100.0,100.0,100.0,-92.75,100.0,-81.2
11.7,33.9,270,1615112622703,-85.83333333333333,100.0,100.0,100.0,100.0,100.0,100.0,100.0,-86.5,100.0,-82.2
13.4,6.9,0,1615120502555,100.0,100.0,100.0,-70.0,-72.0,-84.0,-90.0,100.0,100.0,100.0,100.0
13.4,6.9,90,1615120531948,100.0,100.0,100.0,-60.0,100.0,-87.0,100.0,100.0,100.0,100.0,100.0
13.4,6.9,180,1615120553936,100.0,100.0,100.0,-63.5,100.0,100.0,100.0,100.0,100.0,100.0,100.0
13.4,6.9,270,1615120579742,100.0,100.0,100.0,-70.0,-84.5,100.0,-85.0,100.0,100.0,100.0,100.0
13.4,18.6,0,1615125643168,100.0,100.0,100.0,100.0,100.0,100.0,-89.0,100.0,100.0,100.0,100.0
13.4,30.4,0,1615117753609,-69.33333333333333,-77.75,-84.5,100.0,100.0,100.0,100.0,-84.0,-88.5,100.0,-86.66666666666667
13.4,30.4,90,1615117777939,-77.2,-81.66666666666667,-89.16666666666667,100.0,100.0,100.0,100.0,-86.0,-93.0,100.0,-86.0
13.4,30.4,180,1615117801169,-79.16666666666667,-82.6,-88.5,100.0,100.0,100.0,100.0,-89.25,100.0,100.0,-85.0
13.4,30.4,270,1615117823232,-63.6,-84.0,-90.0,100.0,100.0,100.0,100.0,-90.33333333333333,-89.0,100.0,-87.75
14.6,32.9,0,1615113682640,-85.5,-86.5,100.0,100.0,100.0,100.0,100.0,-87.75,-70.25,100.0,100.0
14.6,32.9,90,1615113706958,-89.5,-85.33333333333333,100.0,100.0,100.0,100.0,100.0,-90.0,-74.0,100.0,100.0
14.6,32.9,180,1615113731969,100.0,-88.33333333333333,100.0,100.0,100.0,100.0,100.0,-88.5,-69.33333333333333,100.0,-97.0
14.6,32.9,270,1615113752974,-90.0,-87.0,100.0,100.0,100.0,100.0,100.0,-89.5,-68.42857142857143,100.0,100.0
14.6,34.6,0,1615113560595,-87.0,-80.5,100.0,100.0,100.0,100.0,100.0,-87.66666666666667,-74.8,100.0,100.0
14.6,34.6,90,1615113590500,100.0,-90.33333333333333,100.0,100.0,100.0,100.0,100.0,-83.75,-70.4,100.0,100.0
14.6,34.6,180,1615113616269,-88.66666666666667,-85.0,-92.0,100.0,100.0,100.0,100.0,-87.66666666666667,-72.66666666666667,100.0,100.0
14.6,34.6,270,1615113637755,-89.5,-85.0,-94.0,100.0,100.0,100.0,100.0,-88.75,-70.0,100.0,100.0
15.1,6.9,0,1615120614900,100.0,100.0,100.0,100.0,100.0,-80.5,100.0,100.0,100.0,100.0,100.0
15.1,6.9,90,1615120640870,100.0,100.0,100.0,-72.5,-77.75,-80.5,-89.2,100.0,100.0,100.0,100.0
15.1,6.9,180,1615120670240,100.0,100.0,100.0,-80.0,-86.0,-86.0,100.0,100.0,100.0,100.0,100.0
15.1,6.9,270,1615120694523,100.0,100.0,100.0,-78.66666666666667,-85.66666666666667,-86.0,-87.5,100.0,100.0,100.0,100.0
15.1,18.6,0,1615125754108,100.0,-85.0,100.0,100.0,100.0,100.0,100.0,-93.0,100.0,100.0,100.0
15.1,18.6,90,1615125768759,100.0,100.0,100.0,100.0,100.0,100.0,100.0,-90.0,100.0,100.0,100.0
15.1,18.6,270,1615125827761,100.0,100.0,100.0,100.0,100.0,100.0,-95.0,100.0,100.0,100.0,100.0
15.1,30.4,0,1615117856894,-79.85714285714286,-78.57142857142857,-87.0,100.0,100.0,100.0,100.0,-84.33333333333333,-82.33333333333333,-93.0,-89.0
15.1,30.4,90,1615117882460,-72.8,-79.0,-95.0,100.0,100.0,100.0,100.0,-88.66666666666667,-84.33333333333333,100.0,-89.75
15.1,30.4,180,1615117903568,-68.6,-86.16666666666667,-88.75,100.0,100.0,100.0,100.0,100.0,100.0,100.0,-84.25
15.1,30.4,270,1615117928451,-74.0,-83.66666666666667,-89.0,100.0,100.0,100.0,100.0,-85.33333333333333,-91.0,100.0,-86.33333333333333
16.3,32.9,0,1615113357987,-91.5,-84.0,-93.0,100.0,100.0,100.0,100.0,-84.33333333333333,-63.2,-91.0,100.0
16.3,32.9,90,1615113381406,-86.0,-83.33333333333333,100.0,100.0,100.0,100.0,100.0,-86.5,-68.25,100.0,100.0
16.3,32.9,180,1615113405160,-92.75,-87.5,-90.0,100.0,100.0,100.0,100.0,-87.16666666666667,-74.5,100.0,100.0
16.3,32.9,270,1615113431946,100.0,-82.0,100.0,100.0,100.0,100.0,100.0,-90.0,-77.0,100.0,100.0
16.3,34.6,0,1615113459515,-89.0,-82.5,100.0,100.0,100.0,100.0,100.0,-89.75,-78.42857142857143,100.0,100.0
16.3,34.6,90,1615113487746,100.0,100.0,100.0,100.0,100.0,100.0,100.0,-82.0,-70.33333333333333,100.0,100.0
16.3,34.6,180,1615113510740,-87.0,-83.66666666666667,100.0,100.0,100.0,100.0,100.0,-87.5,-71.75,100.0,100.0
16.3,34.6,270,1615113532471,-92.0,-85.2,100.0,100.0,100.0,100.0,100.0,-84.2,-71.0,100.0,-93.0
16.6,11.6,0,1615116764090,100.0,100.0,100.0,100.0,100.0,100.0,-77.0,100.0,100.0,100.0,100.0
16.6,11.6,90,1615116775238,100.0,100.0,100.0,100.0,-83.0,-98.0,-81.0,100.0,100.0,100.0,100.0
16.6,11.6,180,1615116800848,100.0,100.0,100.0,-78.0,-88.6,100.0,-84.5,100.0,100.0,100.0,100.0
16.6,11.6,270,1615116821674,100.0,100.0,100.0,-87.5,-88.0,100.0,-82.0,100.0,100.0,100.0,100.0
16.6,25.6,0,1615116868376,-84.75,-84.0,100.0,100.0,100.0,100.0,100.0,-82.8,-85.0,100.0,100.0
16.6,25.6,90,1615116889225,-87.83333333333333,-85.0,-90.0,100.0,100.0,100.0,100.0,-77.75,-86.25,100.0,100.0
16.6,25.6,180,1615116916142,-78.83333333333333,-89.75,100.0,100.0,100.0,100.0,100.0,-80.8,100.0,100.0,100.0
16.6,25.6,270,1615116940643,-84.0,-84.33333333333333,-92.0,100.0,100.0,100.0,100.0,-79.0,-87.0,100.0,100.0
16.8,6.9,0,1615120734284,100.0,100.0,100.0,100.0,-74.0,100.0,-87.0,100.0,100.0,100.0,100.0
16.8,6.9,90,1615120762606,100.0,100.0,100.0,-81.0,100.0,-77.5,100.0,100.0,100.0,100.0,100.0
16.8,6.9,180,1615120777097,100.0,100.0,100.0,-68.0,-80.0,-85.0,-83.0,100.0,100.0,100.0,100.0
16.8,6.9,270,1615120806456,100.0,100.0,100.0,100.0,-81.0,-85.0,100.0,100.0,100.0,100.0,100.0
16.8,18.6,0,1615125851838,100.0,-89.5,100.0,100.0,100.0,100.0,-86.0,100.0,100.0,100.0,100.0
16.8,18.6,90,1615125877198,100.0,-87.0,100.0,100.0,100.0,100.0,-85.25,-86.0,100.0,100.0,100.0
16.8,18.6,180,1615125899786,100.0,100.0,100.0,100.0,100.0,100.0,-88.0,100.0,100.0,100.0,100.0
16.8,18.6,270,1615125922973,100.0,-90.0,100.0,100.0,100.0,100.0,-86.0,100.0,100.0,100.0,100.0
16.8,30.4,0,1615117968504,-77.8,-72.25,-81.8,100.0,100.0,100.0,100.0,-83.0,-88.25,100.0,-90.0
16.8,30.4,90,1615117992634,-75.5,-79.0,-91.5,100.0,100.0,100.0,-92.0,-80.4,-83.71428571428571,100.0,-97.0
16.8,30.4,180,1615118017784,-67.0,-77.0,-87.66666666666667,100.0,100.0,100.0,100.0,-86.66666666666667,-85.0,100.0,-82.0
16.8,30.4,270,1615118039757,-75.2,-83.2,-89.25,100.0,100.0,100.0,100.0,-85.0,-88.0,100.0,-87.2
18.5,6.9,0,1615120846470,100.0,100.0,100.0,100.0,-74.0,-73.33333333333333,100.0,100.0,100.0,100.0,100.0
18.5,6.9,90,1615120869964,100.0,100.0,100.0,-83.0,-78.5,-78.33333333333333,100.0,100.0,100.0,100.0,100.0
18.5,6.9,180,1615120894207,100.0,100.0,100.0,-83.0,-79.0,100.0,-76.0,100.0,100.0,100.0,100.0
18.5,6.9,270,1615120925046,100.0,-88.0,100.0,-77.0,-77.0,100.0,-73.5,-92.0,100.0,100.0,100.0
18.5,30.4,0,1615118072798,-81.85714285714286,-70.5,-82.75,100.0,100.0,100.0,100.0,-77.83333333333333,-78.33333333333333,-92.0,-89.0
18.5,30.4,90,1615118096421,-79.5,-72.2,-84.0,100.0,100.0,100.0,-88.33333333333333,-80.5,-84.66666666666667,-91.66666666666667,100.0
18.5,30.4,180,1615118121604,-70.2,-80.6,-86.0,100.0,100.0,100.0,-91.0,-84.0,-83.4,100.0,100.0
18.5,30.4,270,1615118145259,-85.4,-74.0,-86.66666666666667,100.0,100.0,100.0,-89.66666666666667,-83.5,-83.4,100.0,-88.0
19.2,1.8,0,1615124463600,100.0,100.0,100.0,-84.5,-79.0,-89.33333333333333,-84.0,100.0,100.0,100.0,100.0
19.2,1.8,90,1615124488219,100.0,100.0,100.0,-86.0,-79.25,-80.25,-80.33333333333333,100.0,100.0,100.0,100.0
19.2,1.8,180,1615124507722,100.0,100.0,100.0,100.0,-74.0,100.0,100.0,100.0,100.0,100.0,100.0
19.2,1.8,270,1615124534900,100.0,100.0,100.0,-80.0,-79.66666666666667,-85.25,-79.25,-89.0,-90.0,100.0,100.0
19.2,3.5,0,1615124357422,100.0,-93.0,100.0,-86.0,-83.0,-81.33333333333333,-78.0,100.0,-95.0,100.0,100.0
19.2,3.5,90,1615124389352,100.0,100.0,100.0,-88.0,-78.0,100.0,-85.5,100.0,100.0,100.0,100.0
19.2,3.5,180,1615124405700,100.0,100.0,100.0,-90.0,100.0,-84.0,100.0,100.0,100.0,100.0,100.0
19.2,3.5,270,1615124435669,100.0,100.0,100.0,-86.5,-75.0,100.0,-75.5,100.0,100.0,100.0,100.0
19.2,5.2,0,1615124238812,100.0,100.0,100.0,100.0,-72.0,-77.0,-76.0,100.0,100.0,100.0,100.0
19.2,5.2,90,1615124263202,100.0,-95.0,100.0,-89.0,-76.5,-81.0,-88.0,100.0,100.0,100.0,100.0
19.2,5.2,180,1615124281166,100.0,100.0,100.0,-86.0,100.0,-74.0,100.0,100.0,100.0,100.0,100.0
19.2,5.2,270,1615124310871,100.0,-91.0,100.0,-81.6,-76.71428571428571,-81.5,-80.4,-90.0,100.0,100.0,100.0
19.2,8.6,0,1615124118637,100.0,-89.0,100.0,-83.25,-72.16666666666667,-81.5,-75.8,-86.0,-88.66666666666667,100.0,100.0
19.2,8.6,90,1615124143428,100.0,-91.0,100.0,-82.33333333333333,-80.0,-82.5,-81.0,-90.0,-88.0,100.0,100.0
19.2,8.6,180,1615124172976,100.0,100.0,100.0,-80.5,-77.0,-80.5,-81.5,100.0,100.0,100.0,100.0
19.2,8.6,270,1615124199731,100.0,-89.75,100.0,-84.0,-75.0,-80.0,-69.25,-86.2,-86.0,100.0,100.0
19.2,10.3,0,1615124013095,100.0,-91.0,100.0,-89.0,-77.5,-79.0,-75.66666666666667,100.0,-86.0,100.0,100.0
19.2,10.3,90,1615124038396,100.0,-93.0,100.0,-84.5,-79.0,-82.0,-69.0,-91.0,100.0,100.0,100.0
19.2,10.3,180,1615124057404,100.0,-95.0,100.0,-88.0,-74.75,-83.33333333333333,-76.4,-92.0,100.0,100.0,100.0
19.2,10.3,270,1615124088609,100.0,-88.0,100.0,-82.0,-80.33333333333333,-84.6,-69.0,-87.5,-87.25,100.0,100.0
19.2,12.0,0,1615123905920,100.0,-89.33333333333333,100.0,-86.0,-82.0,100.0,-71.0,-89.0,100.0,100.0,100.0
19.2,12.0,90,1615123930517,100.0,-90.0,100.0,-84.75,-78.66666666666667,-88.66666666666667,-75.8,-90.0,-90.5,100.0,100.0
19.2,12.0,180,1615123952641,100.0,100.0,100.0,-86.5,100.0,-83.0,-79.0,-87.0,100.0,100.0,100.0
19.2,12.0,270,1615123981457,100.0,-86.66666666666667,100.0,-87.33333333333333,-79.0,-87.33333333333333,-69.6,-89.0,-91.0,100.0,100.0
19.2,13.7,0,1615123797885,100.0,-87.0,100.0,-86.5,-84.14285714285714,-89.0,-62.57142857142857,-87.5,100.0,100.0,100.0
19.2,13.7,90,1615123823580,100.0,100.0,100.0,-87.0,-87.5,-87.66666666666667,-68.5,-91.0,-86.0,100.0,100.0
19.2,13.7,180,1615123851092,100.0,100.0,100.0,-87.0,-82.75,100.0,-77.33333333333333,-89.5,100.0,100.0,100.0
19.2,13.7,270,1615123875821,100.0,-83.0,100.0,-92.0,-80.5,-88.0,-77.0,100.0,-86.5,100.0,100.0
19.2,15.4,0,1615123684309,100.0,-87.6,100.0,-86.0,-86.5,100.0,-71.33333333333333,-84.66666666666667,-88.0,100.0,100.0
19.2,15.4,90,1615123713062,100.0,100.0,100.0,100.0,-83.0,100.0,-70.0,-90.0,-87.0,100.0,100.0
19.2,15.4,180,1615123730702,100.0,-90.0,100.0,-89.5,100.0,100.0,-67.0,-90.0,-95.0,100.0,100.0
19.2,15.4,270,1615123757840,100.0,-86.0,100.0,100.0,-84.0,-91.0,-70.5,-88.0,-87.0,100.0,100.0
19.2,17.1,0,1615123551173,100.0,-88.0,100.0,-90.0,-88.75,-91.5,-79.4,-84.33333333333333,-87.66666666666667,100.0,100.0
19.2,17.1,90,1615123573582,100.0,-83.16666666666667,100.0,100.0,-86.0,-89.0,-84.4,-83.5,-86.5,100.0,100.0
19.2,17.1,180,1615123602229,100.0,-82.57142857142857,100.0,-91.0,-85.6,100.0,-75.4,-81.85714285714286,-89.66666666666667,100.0,100.0
19.2,17.1,270,1615123624614,-96.0,-81.66666666666667,100.0,100.0,-86.0,100.0,-80.4,-83.0,-83.25,100.0,100.0
19.2,18.6,0,1615123443586,100.0,-90.5,100.0,100.0,-88.5,100.0,-83.0,-83.4,-88.66666666666667,100.0,100.0
19.2,18.6,90,1615123467087,100.0,-84.25,-90.0,100.0,-87.0,-89.0,-76.5,-81.16666666666667,-86.66666666666667,100.0,100.0
19.2,18.6,180,1615123497502,100.0,-83.33333333333333,100.0,100.0,100.0,100.0,-76.75,-78.0,-89.0,100.0,100.0
19.2,18.6,270,1615123518334,-88.5,-79.71428571428571,-90.0,100.0,-88.25,100.0,-77.83333333333333,-82.33333333333333,-83.83333333333333,100.0,100.0
19.2,20.2,0,1615123332170,100.0,-83.5,100.0,100.0,-88.5,100.0,-84.0,-79.6,-84.75,100.0,100.0
19.2,20.2,90,1615123356483,-90.0,-84.0,-88.75,100.0,-88.0,-91.0,-78.0,-85.8,-88.33333333333333,100.0,100.0
19.2,20.2,180,1615123380362,100.0,-85.75,-90.0,100.0,-91.0,100.0,-84.4,-80.0,-87.0,100.0,100.0
19.2,20.2,270,1615123410458,-88.5,-78.8,100.0,100.0,-87.0,100.0,-84.8,-75.5,-83.16666666666667,100.0,100.0
19.2,21.9,0,1615123214928,-83.5,-80.0,-88.25,100.0,100.0,100.0,-83.16666666666667,-73.14285714285714,-83.57142857142857,-85.5,100.0
19.2,21.9,90,1615123243366,-86.5,-83.5,-87.5,100.0,-89.5,100.0,-82.5,-78.33333333333333,-78.75,100.0,100.0
19.2,21.9,180,1615123270411,-89.5,-76.0,-89.0,100.0,100.0,100.0,-89.66666666666667,-69.33333333333333,-87.0,100.0,100.0
19.2,21.9,270,1615123293266,-86.5,-78.5,-86.5,100.0,-94.0,100.0,-87.5,-70.83333333333333,-81.66666666666667,-87.5,100.0
19.2,23.6,0,1615123094386,-82.8,-79.8,-89.0,100.0,100.0,100.0,100.0,-77.4,-83.16666666666667,-90.0,100.0
19.2,23.6,90,1615123120222,-85.33333333333333,-81.66666666666667,-86.5,100.0,-93.0,100.0,-89.66666666666667,-73.6,-82.8,-90.0,100.0
19.2,23.6,180,1615123145227,-83.66666666666667,-78.2,-90.25,100.0,100.0,100.0,-82.5,-65.2,-85.33333333333333,100.0,100.0
19.2,23.6,270,1615123173368,-83.14285714285714,-75.85714285714286,-87.0,100.0,-95.0,100.0,-90.5,-64.57142857142857,-75.4,-88.0,100.0
19.2,25.3,0,1615122971266,-84.5,-78.16666666666667,100.0,100.0,100.0,100.0,-90.0,-82.5,-81.4,100.0,100.0
19.2,25.3,90,1615122996334,-90.75,-84.2,-90.6,100.0,100.0,100.0,-85.33333333333333,-69.25,-82.75,100.0,100.0
19.2,25.3,180,1615123022642,-84.0,-82.0,-84.0,100.0,100.0,100.0,-86.0,-69.8,-84.66666666666667,100.0,100.0
19.2,25.3,270,1615123043066,-84.33333333333333,-88.6,-88.75,100.0,-92.0,100.0,-89.0,-75.0,-77.57142857142857,-91.5,100.0
19.2,27.0,0,1615122868495,-82.75,-82.0,-88.5,100.0,100.0,100.0,-92.0,-81.5,-78.8,100.0,100.0
19.2,27.0,90,1615122890332,-83.14285714285714,-78.5,100.0,100.0,-91.0,100.0,-92.0,-74.75,-78.16666666666667,-94.0,100.0
19.2,27.0,180,1615122915005,-78.57142857142857,-79.14285714285714,-91.0,100.0,100.0,100.0,-88.5,-77.42857142857143,-84.8,100.0,100.0
19.2,27.0,270,1615122936879,-83.0,-79.57142857142857,-95.0,100.0,-93.0,100.0,-88.33333333333333,-80.57142857142857,-78.25,-92.0,100.0
19.2,28.7,0,1615122759151,-85.8,-69.57142857142857,-88.0,100.0,100.0,100.0,-88.5,-76.4,-80.0,-90.5,-90.0
19.2,28.7,90,1615122786539,-74.5,-79.5,100.0,100.0,-93.0,100.0,-89.0,-76.5,-75.8,100.0,-90.0
19.2,28.7,180,1615122811827,-81.5,-84.4,-88.2,100.0,100.0,100.0,-91.33333333333333,-81.6,-77.0,100.0,-90.5
19.2,28.7,270,1615122834574,-79.57142857142857,-79.4,-88.0,100.0,100.0,100.0,-89.66666666666667,-78.33333333333333,-77.4,100.0,100.0
19.7,32.9,0,1615113128560,-89.0,-85.33333333333333,-86.0,100.0,100.0,100.0,-90.0,-82.0,-70.83333333333333,100.0,100.0
19.7,32.9,90,1615113150974,-81.83333333333333,-85.75,-91.0,100.0,100.0,100.0,-85.75,-77.33333333333333,-71.83333333333333,100.0,100.0
19.7,32.9,180,1615113173609,-81.0,-77.83333333333333,-89.5,100.0,100.0,100.0,-89.33333333333333,-85.66666666666667,-70.5,100.0,100.0
19.7,32.9,270,1615113198777,-85.8,-84.75,-90.0,100.0,100.0,100.0,-93.5,-82.33333333333333,-63.4,100.0,100.0
19.7,34.6,0,1615113234569,-91.25,-84.5,-89.0,100.0,100.0,100.0,-89.5,-82.66666666666667,-76.8,100.0,100.0
19.7,34.6,90,1615113254958,-90.0,-85.0,-89.0,100.0,100.0,100.0,-89.0,-81.75,-71.6,100.0,100.0
19.7,34.6,180,1615113283396,-90.0,-81.6,-87.5,100.0,100.0,100.0,100.0,-80.6,-69.2,100.0,100.0
19.7,34.6,270,1615113306254,-87.33333333333333,-81.75,-92.0,100.0,100.0,100.0,-92.5,-85.83333333333333,-76.83333333333333,100.0,100.0
20.2,6.9,0,1615121083228,100.0,100.0,100.0,-83.0,100.0,100.0,-86.0,100.0,100.0,100.0,100.0
20.2,6.9,90,1615121104210,100.0,100.0,100.0,100.0,-63.5,-78.0,-89.0,100.0,100.0,100.0,100.0
20.2,6.9,180,1615121131348,100.0,100.0,100.0,-86.5,-77.0,-75.0,-84.33333333333333,100.0,100.0,100.0,100.0
20.2,6.9,270,1615121154244,100.0,-93.0,100.0,-83.0,-81.0,-78.0,-74.4,-88.25,100.0,100.0,100.0
20.2,30.4,0,1615118195758,-78.83333333333333,-69.33333333333333,-82.5,100.0,100.0,100.0,100.0,-76.75,-76.16666666666667,-87.5,100.0
20.2,30.4,90,1615118228010,-83.83333333333333,-69.8,-86.0,100.0,100.0,100.0,100.0,-79.0,-82.42857142857143,-88.75,100.0
20.2,30.4,180,1615118249261,-72.6,-75.33333333333333,-87.2,100.0,100.0,100.0,100.0,-85.0,-72.5,-94.0,100.0
20.2,30.4,270,1615118276041,-86.16666666666667,-72.83333333333333,-86.2,100.0,100.0,100.0,-91.0,-81.33333333333333,-72.0,-93.0,-92.5
20.9,18.6,0,1615125972082,-91.0,-84.16666666666667,100.0,100.0,-85.33333333333333,100.0,-85.66666666666667,-86.75,-88.0,100.0,100.0
20.9,18.6,90,1615125990169,100.0,-90.0,100.0,100.0,-86.5,100.0,-83.33333333333333,-85.0,-87.0,100.0,100.0
20.9,18.6,180,1615126017976,-90.0,-84.33333333333333,100.0,100.0,-92.0,100.0,-85.75,-77.16666666666667,-88.5,100.0,100.0
20.9,18.6,270,1615126040831,100.0,-84.66666666666667,100.0,100.0,-84.0,100.0,-84.25,-77.75,-86.33333333333333,100.0,100.0
20.9,22.5,0,1615116341528,100.0,-80.0,100.0,100.0,100.0,100.0,100.0,-71.0,100.0,100.0,100.0
20.9,22.5,90,1615116370729,-88.0,-80.66666666666667,-88.0,100.0,100.0,100.0,-93.0,-73.75,-80.33333333333333,100.0,100.0
20.9,22.5,180,1615116394736,-83.5,-77.0,-85.33333333333333,100.0,100.0,100.0,100.0,-63.333333333333336,-82.0,100.0,100.0
20.9,22.5,270,1615116418900,-85.75,-70.6,-86.0,100.0,100.0,100.0,-89.0,-69.0,-79.75,-92.0,100.0
20.9,24.2,0,1615116229845,-87.6,-76.85714285714286,-87.66666666666667,100.0,100.0,100.0,-90.75,-73.2,-82.25,-86.0,100.0
20.9,24.2,90,1615116255427,-89.33333333333333,-78.0,100.0,100.0,-90.0,100.0,-85.5,-73.4,-79.75,100.0,100.0
20.9,24.2,180,1615116279784,-87.25,-77.0,-88.0,100.0,100.0,100.0,-88.0,-68.4,-86.6,100.0,100.0
20.9,24.2,270,1615116302659,-82.5,-71.25,100.0,100.0,100.0,100.0,100.0,-71.25,-82.5,100.0,100.0
20.9,25.9,0,1615115663802,-84.66666666666667,-76.0,-82.0,100.0,100.0,100.0,-87.66666666666667,-71.5,-86.0,-91.0,100.0
20.9,25.9,90,1615115691669,-87.0,-77.33333333333333,-86.33333333333333,100.0,100.0,100.0,-83.33333333333333,-73.2,-83.25,-88.5,100.0
20.9,25.9,180,1615115713746,-83.66666666666667,-82.0,-85.0,100.0,100.0,100.0,-91.0,-71.28571428571429,-84.8,-93.0,100.0
20.9,25.9,270,1615115735662,-86.75,-75.0,-85.0,100.0,100.0,100.0,-90.0,-72.6,-82.33333333333333,-91.0,100.0
21.4,32.9,0,1615113028913,-87.0,-84.0,100.0,100.0,100.0,100.0,100.0,-85.75,-69.33333333333333,100.0,100.0
21.4,32.9,90,1615113052082,-84.57142857142857,-84.66666666666667,100.0,100.0,100.0,100.0,100.0,-82.0,-73.5,100.0,100.0
21.4,32.9,180,1615113074977,-88.2,-78.0,-93.0,100.0,100.0,100.0,100.0,-87.2,-72.33333333333333,100.0,100.0
21.4,32.9,270,1615113097050,-85.33333333333333,-89.0,-86.5,100.0,100.0,100.0,-90.0,-82.8,-73.57142857142857,100.0,100.0
21.4,34.6,0,1615112918369,-90.83333333333333,-85.6,100.0,100.0,100.0,100.0,100.0,-87.0,-76.42857142857143,100.0,100.0
21.4,34.6,90,1615112939588,-86.5,-81.5,100.0,100.0,100.0,100.0,100.0,-82.16666666666667,-75.8,100.0,100.0
21.4,34.6,180,1615112968812,-96.0,-85.66666666666667,100.0,100.0,100.0,100.0,100.0,-91.25,-72.8,100.0,100.0
21.4,34.6,270,1615112993325,-90.0,-86.5,100.0,100.0,100.0,100.0,100.0,-83.8,-70.85714285714286,100.0,100.0
21.9,6.9,0,1615121196853,100.0,100.0,100.0,100.0,100.0,100.0,-79.0,100.0,100.0,100.0,100.0
21.9,6.9,90,1615121210814,100.0,100.0,100.0,-86.0,-75.33333333333333,-75.0,-83.0,100.0,100.0,100.0,100.0
21.9,6.9,180,1615121238248,100.0,100.0,100.0,100.0,100.0,-77.5,-81.5,100.0,100.0,100.0,100.0
21.9,6.9,270,1615121258344,100.0,100.0,100.0,-85.0,-63.5,-76.33333333333333,-90.0,100.0,100.0,100.0,100.0
21.9,30.4,0,1615118326116,-81.0,-65.5,-74.28571428571429,100.0,100.0,100.0,-87.5,-81.16666666666667,-78.0,-80.5,100.0
21.9,30.4,90,1615118349349,-83.16666666666667,-67.5,-80.4,100.0,100.0,100.0,100.0,-84.0,-83.0,-85.0,100.0
21.9,30.4,180,1615118375210,-79.2,-68.42857142857143,-83.16666666666667,100.0,100.0,100.0,-91.0,-77.0,-77.28571428571429,-87.0,-90.5
21.9,30.4,270,1615118404821,-77.75,-69.25,-84.0,100.0,100.0,100.0,100.0,-78.16666666666667,-79.0,-89.0,100.0
22.6,18.6,0,1615126081666,100.0,-89.0,100.0,100.0,100.0,100.0,100.0,100.0,100.0,100.0,100.0
22.6,18.6,90,1615126101230,100.0,-85.0,100.0,100.0,-88.0,100.0,100.0,100.0,100.0,100.0,100.0
22.6,18.6,180,1615126132314,100.0,-90.75,100.0,100.0,-91.0,100.0,-88.0,-82.0,100.0,100.0,100.0
22.6,18.6,270,1615126150985,100.0,-84.5,100.0,100.0,-92.0,100.0,-88.5,-80.0,-89.0,100.0,100.0
22.6,22.5,0,1615116464447,-86.66666666666667,-76.0,-89.0,100.0,100.0,100.0,100.0,-71.0,-82.66666666666667,-86.0,100.0
22.6,22.5,90,1615116485252,-86.33333333333333,-80.4,-87.8,100.0,100.0,100.0,100.0,-75.2,-84.5,100.0,100.0
22.6,22.5,180,1615116512020,-87.0,-78.5,-90.0,100.0,100.0,100.0,100.0,-69.33333333333333,-82.0,100.0,100.0
22.6,22.5,270,1615116535486,-84.33333333333333,-76.2,-88.66666666666667,100.0,100.0,100.0,-89.5,-79.25,-83.25,-82.0,100.0
22.6,24.2,0,1615116118433,-87.25,-83.14285714285714,-85.75,100.0,100.0,100.0,100.0,-78.5,-84.5,-84.33333333333333,100.0
22.6,24.2,90,1615116142806,-84.5,-81.28571428571429,-88.33333333333333,100.0,100.0,100.0,100.0,-80.2,-85.66666666666667,100.0,100.0
22.6,24.2,180,1615116164773,-85.4,-78.85714285714286,-89.2,100.0,100.0,100.0,100.0,-79.4,-85.0,-89.0,100.0
22.6,24.2,270,1615116188057,-90.5,-80.0,-82.5,100.0,100.0,100.0,-89.33333333333333,-75.66666666666667,-82.6,-87.66666666666667,100.0
22.6,25.9,0,1615115771706,-84.5,-73.83333333333333,-85.4,100.0,100.0,100.0,-93.0,-74.25,-86.33333333333333,-88.75,100.0
22.6,25.9,90,1615115798074,-87.5,-76.75,-84.66666666666667,100.0,100.0,100.0,-90.5,-74.66666666666667,-85.16666666666667,-91.0,100.0
22.6,25.9,180,1615115822292,-81.0,-77.57142857142857,-84.8,100.0,100.0,100.0,-90.0,-70.83333333333333,-93.0,-88.5,100.0
22.6,25.9,270,1615115846352,-92.0,-77.5,-86.33333333333333,100.0,100.0,100.0,-88.0,-73.33333333333333,-85.33333333333333,-86.0,100.0
23.1,32.9,0,1615112690168,-87.5,-87.33333333333333,100.0,100.0,100.0,100.0,100.0,-85.6,-74.25,100.0,100.0
23.1,32.9,90,1615112717496,-87.0,-84.0,100.0,100.0,100.0,100.0,100.0,100.0,-78.4,100.0,100.0
23.1,32.9,180,1615112741685,-94.0,-88.0,100.0,100.0,100.0,100.0,100.0,-89.0,-74.5,100.0,100.0
23.1,32.9,270,1615112764582,-87.0,-84.5,100.0,100.0,100.0,100.0,100.0,-84.75,-72.8,100.0,100.0
23.1,34.6,0,1615112813831,-93.0,-85.57142857142857,100.0,100.0,100.0,100.0,-94.0,-87.14285714285714,-76.6,100.0,100.0
23.1,34.6,90,1615112839494,-92.0,-88.0,100.0,100.0,100.0,100.0,100.0,-86.66666666666667,-81.66666666666667,100.0,100.0
23.1,34.6,180,1615112862936,-87.75,-84.8,-92.0,100.0,100.0,100.0,100.0,-87.0,-74.66666666666667,100.0,100.0
23.1,34.6,270,1615112886550,-88.0,-84.0,100.0,100.0,100.0,100.0,100.0,-86.33333333333333,-74.2,100.0,100.0
23.6,6.9,0,1615121395678,100.0,100.0,100.0,-82.25,-68.5,-82.33333333333333,-85.0,100.0,100.0,100.0,100.0
23.6,6.9,90,1615121427062,100.0,100.0,100.0,-86.0,-59.0,100.0,100.0,100.0,100.0,100.0,100.0
23.6,6.9,180,1615121440885,100.0,100.0,100.0,-83.5,-64.0,-77.0,-86.66666666666667,100.0,100.0,100.0,100.0
23.6,6.9,270,1615121459411,100.0,100.0,100.0,-84.0,-61.0,-81.0,-87.0,100.0,100.0,100.0,100.0
23.6,30.4,0,1615118438202,-79.0,-63.857142857142854,-72.5,100.0,100.0,100.0,-89.0,-81.28571428571429,-86.33333333333333,-83.2,100.0
23.6,30.4,90,1615118462042,-81.6,-65.0,-75.2,100.0,100.0,100.0,-94.0,-80.2,-84.33333333333333,-87.33333333333333,100.0
23.6,30.4,180,1615118486032,-73.83333333333333,-57.333333333333336,-81.4,100.0,100.0,100.0,100.0,-80.75,-82.0,-85.6,-89.5
23.6,30.4,270,1615118509886,-82.16666666666667,-65.0,-79.8,100.0,100.0,100.0,-91.0,-79.5,-87.75,-80.57142857142857,-91.5
24.3,22.5,0,1615116563247,-87.0,-83.6,-89.2,100.0,100.0,100.0,100.0,-76.0,-81.5,-89.0,100.0
24.3,22.5,90,1615116589158,-88.0,-76.2,-88.0,100.0,100.0,100.0,-92.0,-82.0,-90.66666666666667,-91.66666666666667,100.0
24.3,22.5,180,1615116615874,-84.5,-78.0,100.0,100.0,100.0,100.0,-90.0,-72.5,-85.5,100.0,100.0
24.3,22.5,270,1615116641242,-94.0,-73.33333333333333,-82.0,100.0,-94.5,100.0,100.0,-73.0,-83.0,-91.25,100.0
24.3,24.2,0,1615116007135,-90.0,-73.28571428571429,-86.25,100.0,100.0,100.0,-91.0,-76.8,-82.8,-88.33333333333333,100.0
24.3,24.2,90,1615116029590,100.0,-76.0,-88.66666666666667,100.0,-93.0,100.0,100.0,-78.0,-85.8,-88.0,100.0
24.3,24.2,180,1615116053625,-83.5,-75.0,-86.83333333333333,100.0,100.0,100.0,100.0,-73.0,-84.28571428571429,100.0,100.0
24.3,24.2,270,1615116078004,-92.0,-69.83333333333333,-84.33333333333333,100.0,100.0,100.0,100.0,-77.42857142857143,-83.0,-89.0,100.0
24.3,25.9,0,1615115899814,-87.5,-76.33333333333333,-83.83333333333333,100.0,100.0,100.0,100.0,-76.0,-83.66666666666667,-86.0,100.0
24.3,25.9,90,1615115924115,100.0,-76.5,-87.5,100.0,100.0,100.0,-89.0,-73.5,-87.0,-90.0,100.0
24.3,25.9,180,1615115950904,-85.66666666666667,-70.4,-85.2,100.0,100.0,100.0,100.0,-72.25,-84.16666666666667,-87.0,100.0
24.3,25.9,270,1615115973353,-88.0,-74.2,-88.5,100.0,100.0,100.0,100.0,-73.6,-84.66666666666667,-89.0,100.0
25.3,6.9,0,1615121502585,100.0,100.0,100.0,-84.5,-68.57142857142857,-77.66666666666667,-90.0,100.0,100.0,100.0,100.0
25.3,6.9,90,1615121524506,100.0,100.0,100.0,-86.0,-64.0,-75.0,100.0,100.0,100.0,100.0,100.0
25.3,6.9,180,1615121550578,100.0,100.0,100.0,-85.5,-66.8,-73.75,-86.0,100.0,100.0,100.0,100.0
25.3,6.9,270,1615121576790,100.0,100.0,100.0,-82.0,100.0,-76.0,-81.0,100.0,100.0,100.0,100.0
25.3,30.4,0,1615118540773,-88.6,-65.4,-73.4,100.0,100.0,100.0,-95.0,-83.2,-87.33333333333333,-78.33333333333333,100.0
25.3,30.4,90,1615118565454,-86.5,-70.71428571428571,-76.33333333333333,100.0,100.0,100.0,100.0,-80.66666666666667,-83.25,-87.66666666666667,100.0
25.3,30.4,180,1615118589744,-79.28571428571429,-70.2,-77.0,100.0,100.0,100.0,100.0,-79.66666666666667,-85.85714285714286,-85.0,100.0
25.3,30.4,270,1615118613642,-86.0,-69.28571428571429,-76.71428571428571,100.0,100.0,100.0,100.0,-82.28571428571429,-83.33333333333333,-84.75,100.0
26.6,28.3,0,1615115488568,-84.25,-73.5,-78.75,100.0,100.0,100.0,100.0,-80.5,-85.0,-86.2,100.0
26.6,28.3,90,1615115512267,100.0,-67.0,-81.0,100.0,100.0,100.0,-93.0,-87.25,-86.0,-87.0,100.0
26.6,28.3,180,1615115533844,-89.25,-72.5,-79.4,100.0,100.0,100.0,100.0,-83.5,100.0,-88.66666666666667,100.0
26.6,28.3,270,1615115557697,-87.33333333333333,-71.42857142857143,-79.33333333333333,100.0,100.0,100.0,100.0,-81.33333333333333,-87.0,-83.8,100.0
27.0,6.9,0,1615121606462,100.0,100.0,100.0,-84.5,-70.66666666666667,-68.0,-89.0,100.0,100.0,100.0,100.0
27.0,6.9,90,1615121628939,100.0,100.0,100.0,-87.5,-74.33333333333333,-74.0,-86.0,100.0,100.0,100.0,100.0
27.0,6.9,180,1615121656811,100.0,100.0,100.0,-88.0,-68.5,-73.0,100.0,100.0,100.0,100.0,100.0
27.0,6.9,270,1615121678262,100.0,100.0,100.0,100.0,-66.0,-73.0,100.0,100.0,100.0,100.0,100.0
27.0,30.4,0,1615118647396,-88.0,-71.14285714285714,-76.71428571428571,100.0,100.0,100.0,100.0,-82.0,-88.33333333333333,-77.2,100.0
27.0,30.4,90,1615118671200,-89.0,-71.2,-73.0,100.0,100.0,100.0,100.0,-80.6,-85.75,-85.66666666666667,100.0
27.0,30.4,180,1615118704164,-81.0,-65.14285714285714,-75.16666666666667,100.0,100.0,100.0,100.0,-78.42857142857143,-89.0,-85.2,100.0
27.0,30.4,270,1615118726618,-88.66666666666667,-68.66666666666667,-81.33333333333333,100.0,100.0,100.0,100.0,-76.25,-89.25,-81.4,100.0
28.7,6.9,0,1615121716514,100.0,100.0,100.0,100.0,-68.0,-69.33333333333333,-87.5,100.0,100.0,100.0,100.0
28.7,6.9,90,1615121733874,100.0,100.0,100.0,-89.0,-69.5,-67.0,-86.0,100.0,100.0,100.0,100.0
28.7,6.9,180,1615121757089,100.0,100.0,100.0,-88.0,-65.0,-72.0,-91.0,100.0,100.0,100.0,100.0
28.7,6.9,270,1615121782522,100.0,100.0,100.0,-88.0,-68.0,-72.0,100.0,100.0,100.0,100.0,100.0
28.7,30.4,0,1615118767656,-88.0,-79.6,-71.4,100.0,100.0,100.0,100.0,-82.66666666666667,100.0,-81.0,100.0
28.7,30.4,90,1615118793148,-87.5,-71.28571428571429,-67.16666666666667,100.0,100.0,100.0,100.0,-87.0,-89.66666666666667,-77.57142857142857,100.0
28.7,30.4,180,1615118815651,-79.0,-64.5,-74.71428571428571,100.0,100.0,100.0,100.0,-82.0,-88.14285714285714,-79.75,100.0
28.7,30.4,270,1615118839307,-88.0,-70.6,-71.4,100.0,100.0,100.0,100.0,-84.28571428571429,100.0,-84.0,100.0
29.2,25.4,0,1615114176005,100.0,-88.0,-79.25,100.0,100.0,100.0,100.0,-88.33333333333333,100.0,-67.5,100.0
29.2,25.4,90,1615114197312,100.0,-78.5,-81.5,100.0,100.0,100.0,100.0,-90.66666666666667,100.0,-75.28571428571429,100.0
29.2,25.4,180,1615114219240,100.0,-79.75,-79.75,100.0,100.0,100.0,100.0,-84.0,100.0,-76.0,100.0
29.2,25.4,270,1615114244172,-92.0,-77.75,-73.83333333333333,100.0,100.0,100.0,100.0,-92.0,100.0,-75.33333333333333,100.0
29.2,27.1,0,1615114273939,-93.0,-81.25,-83.2,100.0,100.0,100.0,100.0,-94.0,100.0,-67.75,100.0
29.2,27.1,90,1615114297058,100.0,-80.25,-80.33333333333333,100.0,100.0,100.0,100.0,-96.0,100.0,-77.5,100.0
29.2,27.1,180,1615114318353,-93.0,-79.75,-78.0,100.0,100.0,100.0,100.0,-86.0,100.0,-68.25,100.0
29.2,27.1,270,1615114345252,100.0,-77.14285714285714,-79.2,100.0,100.0,100.0,100.0,-88.0,100.0,-75.85714285714286,100.0
29.2,28.8,0,1615114373527,-92.5,-78.14285714285714,-75.66666666666667,100.0,100.0,100.0,100.0,-86.6,100.0,-76.25,100.0
29.2,28.8,90,1615114396850,-92.0,-77.2,-82.0,100.0,100.0,100.0,100.0,-88.33333333333333,100.0,-77.8,100.0
29.2,28.8,180,1615114420364,-86.0,-76.5,-87.0,100.0,100.0,100.0,100.0,-90.0,100.0,-69.2,100.0
29.2,28.8,270,1615114443338,-86.5,-68.5,-70.2,100.0,100.0,100.0,100.0,-87.83333333333333,-90.0,-81.33333333333333,100.0
30.4,6.9,0,1615121822239,100.0,100.0,100.0,-90.0,-66.0,-64.0,-91.0,100.0,100.0,100.0,100.0
30.4,6.9,90,1615121845498,100.0,100.0,100.0,-84.0,-74.5,-70.2,-89.0,100.0,100.0,100.0,100.0
30.4,6.9,180,1615121868486,100.0,100.0,100.0,-85.0,-73.0,-72.0,-85.0,100.0,100.0,100.0,100.0
30.4,6.9,270,1615121891322,100.0,100.0,100.0,-84.5,-68.5,-65.0,-87.0,100.0,100.0,100.0,100.0
30.4,30.4,0,1615118877549,-85.75,-77.28571428571429,-67.0,100.0,100.0,100.0,100.0,-82.2,100.0,-82.5,100.0
30.4,30.4,90,1615118901567,-86.4,-84.16666666666667,-65.5,100.0,100.0,100.0,100.0,-83.33333333333333,-86.6,-84.6,100.0
30.4,30.4,180,1615118926157,-82.42857142857143,-69.0,-73.4,100.0,100.0,100.0,100.0,-83.0,-84.33333333333333,-81.2,100.0
30.4,30.4,270,1615118950137,-89.25,-76.0,-67.85714285714286,100.0,100.0,100.0,100.0,-84.57142857142857,-89.0,-77.0,100.0
30.9,25.4,0,1615114688784,-90.0,-80.66666666666667,-78.0,100.0,100.0,100.0,100.0,-87.0,100.0,-72.5,100.0
30.9,25.4,90,1615114707237,-91.33333333333333,-82.6,-82.0,100.0,100.0,100.0,100.0,-87.0,100.0,-66.6,100.0
30.9,25.4,180,1615114731932,100.0,-82.2,-77.25,100.0,100.0,100.0,100.0,-88.6,-89.0,-70.0,100.0
30.9,25.4,270,1615114756415,100.0,-79.33333333333333,-76.0,100.0,100.0,100.0,100.0,-85.5,100.0,-75.5,100.0
30.9,27.1,0,1615114585038,-92.0,-82.6,-86.5,100.0,100.0,100.0,100.0,-87.5,-89.5,-69.75,100.0
30.9,27.1,90,1615114607624,-92.0,-83.2,-81.2,100.0,100.0,100.0,100.0,-86.66666666666667,100.0,-69.16666666666667,100.0
30.9,27.1,180,1615114630190,-91.5,-78.2,-80.2,100.0,100.0,100.0,100.0,-87.0,100.0,-73.33333333333333,100.0
30.9,27.1,270,1615114651705,100.0,-79.5,-77.0,100.0,100.0,100.0,100.0,-86.5,100.0,-75.33333333333333,100.0
30.9,28.8,0,1615114478378,100.0,-85.33333333333333,-86.25,100.0,100.0,100.0,100.0,-94.0,100.0,-74.2,100.0
30.9,28.8,90,1615114502107,100.0,-80.75,-82.66666666666667,100.0,100.0,100.0,100.0,100.0,100.0,-75.5,100.0
30.9,28.8,180,1615114524309,-92.0,-77.85714285714286,-79.25,100.0,100.0,100.0,100.0,-83.0,100.0,-72.6,100.0
30.9,28.8,270,1615114544664,-91.0,-84.33333333333333,-84.25,100.0,100.0,100.0,100.0,-87.0,100.0,-76.0,100.0
31.6,33.9,0,1615114037484,100.0,-89.0,-78.0,100.0,100.0,100.0,100.0,-88.0,100.0,100.0,100.0
31.6,33.9,90,1615114060794,-92.0,-84.66666666666667,-85.2,100.0,100.0,100.0,100.0,100.0,100.0,100.0,100.0
31.6,33.9,180,1615114087162,100.0,-90.0,-79.0,100.0,100.0,100.0,100.0,100.0,100.0,-94.0,100.0
31.6,33.9,270,1615114110173,100.0,-83.0,-81.33333333333333,100.0,100.0,100.0,100.0,100.0,100.0,-89.0,100.0
32.1,6.9,0,1615121921372,100.0,100.0,100.0,-85.75,-80.0,-65.5,-90.0,100.0,100.0,100.0,100.0
32.1,6.9,90,1615121942067,100.0,100.0,100.0,100.0,-70.66666666666667,-63.666666666666664,-91.5,100.0,100.0,100.0,100.0
32.1,6.9,180,1615121964973,100.0,100.0,100.0,-84.0,100.0,-72.0,-88.66666666666667,100.0,100.0,100.0,100.0
32.1,6.9,270,1615121992322,100.0,100.0,100.0,-87.33333333333333,-68.5,-65.4,-89.5,100.0,100.0,100.0,100.0
32.1,30.4,0,1615118987093,-95.0,-75.5,-76.25,100.0,100.0,100.0,100.0,-88.25,-88.4,-80.75,100.0
32.1,30.4,90,1615119013478,-87.5,-72.8,-68.0,100.0,100.0,100.0,100.0,-82.75,-91.25,-79.33333333333333,100.0
32.1,30.4,180,1615119036285,-82.75,-66.0,-67.5,100.0,100.0,100.0,100.0,-80.75,-85.0,-83.66666666666667,100.0
32.1,30.4,270,1615119061491,-88.25,-69.8,-63.5,100.0,100.0,100.0,100.0,-81.25,-92.0,-84.16666666666667,100.0
32.6,25.4,0,1615115012788,-92.0,-78.5,-82.25,100.0,100.0,100.0,100.0,-89.0,100.0,-65.75,100.0
32.6,25.4,90,1615115033321,100.0,-76.0,-87.0,100.0,100.0,100.0,100.0,100.0,100.0,-68.5,100.0
32.6,25.4,180,1615115061103,-91.0,-79.66666666666667,-80.66666666666667,100.0,100.0,100.0,100.0,-88.33333333333333,100.0,-69.66666666666667,100.0
32.6,25.4,270,1615115086678,100.0,-77.5,-82.5,100.0,100.0,100.0,100.0,-88.33333333333333,100.0,-72.66666666666667,100.0
32.6,27.1,0,1615114908223,-91.33333333333333,-79.5,-79.8,100.0,100.0,100.0,100.0,100.0,100.0,-65.8,100.0
32.6,27.1,90,1615114934034,-88.0,-77.16666666666667,-79.0,100.0,100.0,100.0,100.0,-89.33333333333333,100.0,-72.0,100.0
32.6,27.1,180,1615114958426,100.0,-80.0,-80.16666666666667,100.0,100.0,100.0,100.0,-85.5,-90.0,-74.8,100.0
32.6,27.1,270,1615114977770,100.0,-85.33333333333333,-80.0,100.0,100.0,100.0,100.0,-88.0,100.0,-80.33333333333333,100.0
32.6,28.8,0,1615114798355,100.0,-90.0,-80.0,100.0,100.0,100.0,100.0,100.0,100.0,-72.0,100.0
32.6,28.8,90,1615114822029,100.0,-83.33333333333333,-82.75,100.0,100.0,100.0,100.0,-87.16666666666667,-89.0,-74.66666666666667,100.0
32.6,28.8,180,1615114850455,-92.0,-80.8,-80.0,100.0,100.0,100.0,100.0,-88.33333333333333,100.0,-72.0,100.0
32.6,28.8,270,1615114873031,100.0,-85.0,-79.2,100.0,100.0,100.0,100.0,-89.5,100.0,-72.0,100.0
33.3,33.9,0,1615113937700,100.0,100.0,-78.0,100.0,100.0,100.0,100.0,-93.0,100.0,100.0,100.0
33.3,33.9,90,1615113967003,100.0,-87.0,100.0,100.0,100.0,100.0,100.0,100.0,100.0,-92.0,100.0
33.3,33.9,180,1615113980982,100.0,-85.75,-78.33333333333333,100.0,100.0,100.0,100.0,100.0,100.0,100.0,100.0
33.3,33.9,270,1615114005740,100.0,-87.75,-77.16666666666667,100.0,100.0,100.0,100.0,100.0,100.0,100.0,100.0
33.8,6.9,0,1615122019901,100.0,100.0,100.0,-87.66666666666667,-70.0,-59.0,-90.0,100.0,100.0,100.0,100.0
33.8,6.9,90,1615122045790,100.0,100.0,100.0,-89.0,-76.16666666666667,-57.714285714285715,-91.0,100.0,100.0,100.0,100.0
33.8,6.9,180,1615122066785,100.0,100.0,100.0,-84.0,-70.5,-63.0,-87.0,100.0,100.0,100.0,100.0
33.8,6.9,270,1615122088557,100.0,100.0,100.0,-83.0,-74.5,-61.333333333333336,100.0,100.0,100.0,100.0,100.0
33.8,30.4,0,1615119094289,-83.28571428571429,-76.8,-75.2,100.0,100.0,100.0,100.0,-86.5,-91.0,-84.6,100.0
33.8,30.4,90,1615119118192,-85.25,-72.2,-65.57142857142857,100.0,100.0,100.0,100.0,-84.0,100.0,-82.6,100.0
33.8,30.4,180,1615119144411,-84.66666666666667,-73.0,-63.833333333333336,100.0,100.0,100.0,100.0,-85.33333333333333,-88.2,-84.8,100.0
33.8,30.4,270,1615119167888,-88.0,-78.0,-67.0,100.0,100.0,100.0,100.0,-79.16666666666667,-90.5,-86.25,100.0
34.3,25.4,0,1615115149795,-88.0,-76.0,-84.33333333333333,100.0,100.0,100.0,100.0,-87.0,-89.5,-63.0,100.0
34.3,25.4,90,1615115181535,-92.0,-84.0,-79.66666666666667,100.0,100.0,100.0,100.0,100.0,100.0,-71.0,100.0
34.3,25.4,180,1615115198831,-90.0,-79.6,-82.5,100.0,100.0,100.0,100.0,-83.5,100.0,-73.0,100.0
34.3,25.4,270,1615115230961,-91.0,-81.5,-72.0,100.0,100.0,100.0,100.0,-85.0,100.0,-73.33333333333333,100.0
34.3,27.1,0,1615115253987,-92.0,100.0,-85.5,100.0,100.0,100.0,100.0,-91.0,100.0,-70.0,100.0
34.3,27.1,90,1615115279956,-93.0,-80.0,-83.5,100.0,100.0,100.0,100.0,-95.0,100.0,-78.6,100.0
34.3,27.1,180,1615115308533,100.0,-80.0,-75.0,100.0,100.0,100.0,100.0,-85.0,100.0,-73.0,100.0
34.3,27.1,270,1615115334014,100.0,100.0,-77.5,100.0,100.0,100.0,100.0,-88.66666666666667,100.0,-71.0,100.0
34.3,28.8,0,1615115364525,100.0,-82.5,-76.6,100.0,100.0,100.0,100.0,-87.5,100.0,-69.0,100.0
34.3,28.8,90,1615115385867,100.0,-78.5,-81.0,100.0,100.0,100.0,100.0,-93.0,100.0,-67.75,100.0
34.3,28.8,180,1615115412825,100.0,-78.33333333333333,-82.5,100.0,100.0,100.0,100.0,-86.0,100.0,-72.8,100.0
34.3,28.8,270,1615115438810,100.0,-79.0,-83.5,100.0,100.0,100.0,100.0,-90.66666666666667,100.0,-78.0,100.0
35.5,6.9,0,1615122126258,100.0,100.0,100.0,-87.0,-76.6,-65.85714285714286,-93.0,100.0,100.0,100.0,100.0
35.5,6.9,90,1615122154504,100.0,100.0,100.0,-87.4,-79.16666666666667,-65.0,-89.5,100.0,100.0,100.0,100.0
35.5,6.9,180,1615122178587,100.0,100.0,100.0,-82.4,-81.14285714285714,-65.57142857142857,-93.5,100.0,100.0,100.0,100.0
35.5,6.9,270,1615122199945,100.0,100.0,100.0,-83.0,-82.5,-62.5,100.0,100.0,100.0,100.0,100.0
35.5,30.4,0,1615119205155,-88.75,-73.5,-71.4,100.0,100.0,100.0,100.0,-85.71428571428571,-94.0,-82.85714285714286,100.0
35.5,30.4,90,1615119230225,-89.5,-74.0,-69.16666666666667,100.0,100.0,100.0,100.0,-87.0,-88.5,-84.25,100.0
35.5,30.4,180,1615119255100,-85.6,-71.0,-70.33333333333333,100.0,100.0,100.0,100.0,-82.0,-94.0,-84.25,100.0
35.5,30.4,270,1615119279149,-87.0,-73.16666666666667,-65.6,100.0,100.0,100.0,100.0,-84.5,-88.66666666666667,-81.66666666666667,100.0
37.2,6.9,0,1615122236247,100.0,100.0,100.0,-88.0,-80.0,-68.8,-91.0,100.0,100.0,100.0,100.0
37.2,6.9,90,1615122262624,100.0,100.0,100.0,-89.0,-80.33333333333333,-68.71428571428571,-91.0,100.0,100.0,100.0,100.0
37.2,6.9,180,1615122285173,100.0,100.0,100.0,-88.33333333333333,-78.57142857142857,-68.0,100.0,100.0,100.0,100.0,100.0
37.2,6.9,270,1615122310042,100.0,100.0,100.0,-89.0,-79.4,-75.0,100.0,100.0,100.0,100.0,100.0
37.2,30.4,0,1615119324056,-86.66666666666667,-75.85714285714286,-73.0,100.0,100.0,100.0,100.0,-86.0,-89.5,-89.25,100.0
37.2,30.4,90,1615119349148,-87.5,-75.0,-71.0,100.0,100.0,100.0,100.0,-87.75,-90.0,-83.0,100.0
37.2,30.4,180,1615119372086,-82.5,-78.6,-71.83333333333333,100.0,100.0,100.0,100.0,-84.25,-88.25,-85.75,100.0
37.2,30.4,270,1615119396872,100.0,-74.33333333333333,-74.0,100.0,100.0,100.0,100.0,-85.75,-87.0,-84.5,100.0
38.9,6.9,0,1615122345871,100.0,100.0,100.0,100.0,-83.0,-69.85714285714286,-96.0,100.0,100.0,100.0,100.0
38.9,6.9,90,1615122373010,100.0,100.0,100.0,100.0,-79.0,-73.0,-96.0,100.0,100.0,100.0,100.0
38.9,6.9,180,1615122397438,100.0,100.0,100.0,-82.66666666666667,-72.6,-70.83333333333333,-93.0,100.0,100.0,100.0,100.0
38.9,6.9,270,1615122422361,100.0,100.0,100.0,-88.0,-75.6,-71.5,100.0,100.0,100.0,100.0,100.0
38.9,30.4,0,1615119433068,-87.16666666666667,-77.8,-78.8,100.0,100.0,100.0,100.0,-86.25,-90.0,100.0,100.0
38.9,30.4,90,1615119459678,-87.5,-72.33333333333333,-74.0,100.0,100.0,100.0,100.0,-88.0,100.0,-87.5,100.0
38.9,30.4,180,1615119481438,-88.0,-70.71428571428571,-69.42857142857143,100.0,100.0,100.0,100.0,-85.0,100.0,-82.16666666666667,-95.0
38.9,30.4,270,1615119508773,-90.0,-72.5,-73.66666666666667,100.0,100.0,100.0,100.0,-89.0,-90.0,-87.33333333333333,100.0
40.6,6.9,0,1615122453161,100.0,100.0,100.0,100.0,-80.85714285714286,-74.0,100.0,100.0,100.0,100.0,100.0
40.6,6.9,90,1615122473792,100.0,100.0,100.0,-90.0,-77.25,-72.83333333333333,-91.0,100.0,100.0,100.0,100.0
40.6,6.9,180,1615122499573,100.0,100.0,100.0,-90.5,-78.6,-79.25,-90.66666666666667,100.0,100.0,100.0,100.0
40.6,6.9,270,1615122525008,100.0,100.0,100.0,-89.0,-79.83333333333333,-66.0,100.0,100.0,100.0,100.0,100.0
40.6,30.4,0,1615119541543,-89.0,-77.66666666666667,-80.2,100.0,100.0,100.0,100.0,-89.66666666666667,-90.5,-88.0,100.0
40.6,30.4,90,1615119565131,-87.5,-74.71428571428571,-75.85714285714286,100.0,100.0,100.0,100.0,-87.0,100.0,-90.0,100.0
40.6,30.4,180,1615119588387,-87.0,-70.66666666666667,-78.5,100.0,100.0,100.0,100.0,-83.75,-93.0,-85.66666666666667,100.0
40.6,30.4,270,1615119612269,-88.33333333333333,-75.33333333333333,-74.33333333333333,100.0,100.0,100.0,100.0,-87.25,-91.0,100.0,100.0
